-- Insert categories
INSERT INTO categories (id, name_cn, name_en, description) VALUES
  ('11111111-1111-1111-1111-111111111111', '牛肝菌目', 'Boletales', '包含牛肝菌科等多个科的菌类'),
  ('22222222-2222-2222-2222-222222222222', '鸡油菌科', 'Cantharellaceae', '鸡油菌科菌类'),
  ('33333333-3333-3333-3333-333333333333', '口蘑科', 'Tricholomataceae', '口蘑科菌类'),
  ('44444444-4444-4444-4444-444444444444', '鹅膏菌科', 'Amanitaceae', '鹅膏菌科，包含许多有毒种类'),
  ('55555555-5555-5555-5555-555555555555', '羊肚菌科', 'Morchellaceae', '羊肚菌科菌类'),
  ('66666666-6666-6666-6666-666666666666', '灵芝科', 'Ganodermataceae', '灵芝科药用菌类');

-- Insert species
INSERT INTO species (id, name_cn, name_en, name_scientific, category_id, edibility, description, color_change, season, habitat, cap_shape, odor, spore_color) VALUES
  ('a0000001-0001-0001-0001-000000000001', '见手青', 'Blue Staining Boletus', 'Boletus yunnanensis', '11111111-1111-1111-1111-111111111111', 'edible', '云南特有的珍贵食用菌，触碰后立即变蓝，需充分烹饪方可食用。', '触碰变蓝', ARRAY['夏季', '秋季'], ARRAY['针阔混交林', '松林'], '半球形至平展', '温和菌香', '橄榄褐色'),
  ('a0000001-0001-0001-0001-000000000003', '鸡油菌', 'Chanterelle', 'Cantharellus cibarius', '22222222-2222-2222-2222-222222222222', 'edible', '金黄色的美味食用菌，具有独特的杏香味。', NULL, ARRAY['夏季', '秋季'], ARRAY['针阔混交林', '山毛榉林'], '漏斗形', '杏香味', '白色至淡黄色'),
  ('a0000001-0001-0001-0001-000000000004', '松茸', 'Matsutake', 'Tricholoma matsutake', '33333333-3333-3333-3333-333333333333', 'edible', '世界级珍稀食用菌，具有独特的香气，极具营养价值。', NULL, ARRAY['秋季'], ARRAY['针叶林', '松林'], '半球形至平展', '浓郁松香', '白色'),
  ('a0000001-0001-0001-0001-000000000005', '毒蝇伞', 'Fly Agaric', 'Amanita muscaria', '44444444-4444-4444-4444-444444444444', 'toxic', '标志性的红伞白点毒菌，含有致幻毒素，严禁食用。', NULL, ARRAY['夏季', '秋季'], ARRAY['针叶林', '桦树林'], '半球形至平展', '微臭', '白色'),
  ('a0000001-0001-0001-0001-000000000007', '羊肚菌', 'Morel', 'Morchella esculenta', '55555555-5555-5555-5555-555555555555', 'edible', '蜂窝状菌盖的珍贵食用菌，世界四大名菌之一。', NULL, ARRAY['春季'], ARRAY['阔叶林', '河岸', '火烧迹地'], '蜂窝状', '清香', '淡黄色'),
  ('a0000001-0001-0001-0001-000000000008', '灵芝', 'Reishi', 'Ganoderma lucidum', '66666666-6666-6666-6666-666666666666', 'medicinal', '传统中药材，具有扶正固本、延年益寿的功效。', NULL, ARRAY['全年'], ARRAY['阔叶林', '朽木'], '扇形至肾形', '微苦', '褐色'),
  ('a0000001-0001-0001-0001-000000000009', '白毒伞', 'Death Cap', 'Amanita phalloides', '44444444-4444-4444-4444-444444444444', 'deadly', '世界上最毒的蘑菇之一，含致命的鹅膏毒素。', NULL, ARRAY['夏季', '秋季'], ARRAY['阔叶林', '针阔混交林'], '半球形至平展', '初期无味', '白色');

-- Insert species images
INSERT INTO species_images (species_id, image_url, display_order) VALUES
  ('a0000001-0001-0001-0001-000000000001', 'https://images.unsplash.com/photo-1509358271058-acd22cc93898?w=800&auto=format', 0),
  ('a0000001-0001-0001-0001-000000000003', 'https://images.unsplash.com/photo-1504545102780-26774c1bb073?w=800&auto=format', 0),
  ('a0000001-0001-0001-0001-000000000004', 'https://images.unsplash.com/photo-1509358271058-acd22cc93898?w=800&auto=format', 0),
  ('a0000001-0001-0001-0001-000000000005', 'https://images.unsplash.com/photo-1509358271058-acd22cc93898?w=800&auto=format', 0),
  ('a0000001-0001-0001-0001-000000000007', 'https://images.unsplash.com/photo-1509358271058-acd22cc93898?w=800&auto=format', 0),
  ('a0000001-0001-0001-0001-000000000008', 'https://images.unsplash.com/photo-1509358271058-acd22cc93898?w=800&auto=format', 0),
  ('a0000001-0001-0001-0001-000000000009', 'https://images.unsplash.com/photo-1509358271058-acd22cc93898?w=800&auto=format', 0);

-- Insert anatomy data
INSERT INTO anatomy_data (species_id, koh_reaction, spore_print, ring_type, gill_attachment) VALUES
  ('a0000001-0001-0001-0001-000000000001', '变红', '橄榄褐色', '无菌环', '管孔附着菌柄'),
  ('a0000001-0001-0001-0001-000000000003', NULL, '白色', NULL, '褶皱延生'),
  ('a0000001-0001-0001-0001-000000000005', NULL, '白色', '膜质菌环', '离生'),
  ('a0000001-0001-0001-0001-000000000009', NULL, '白色', '膜质菌环', '离生');

-- Insert ecology data
INSERT INTO ecology_data (species_id, relationship, host_trees) VALUES
  ('a0000001-0001-0001-0001-000000000001', '外生菌根共生', ARRAY['云南松', '华山松', '栎树']),
  ('a0000001-0001-0001-0001-000000000003', '外生菌根共生', ARRAY['松树', '橡树', '山毛榉']),
  ('a0000001-0001-0001-0001-000000000004', '外生菌根共生', ARRAY['赤松', '铁杉', '云杉']),
  ('a0000001-0001-0001-0001-000000000007', '腐生菌', ARRAY['多种阔叶树']),
  ('a0000001-0001-0001-0001-000000000008', '木腐菌', ARRAY['栎树', '桦树', '柳树']);

-- Insert cooking notes
INSERT INTO cooking_notes (species_id, method, warning) VALUES
  ('a0000001-0001-0001-0001-000000000001', '炒制', '⚠️ 必须炒熟煮透至少15分钟，否则可能引起神经系统不适'),
  ('a0000001-0001-0001-0001-000000000003', '炒制、炖汤', NULL),
  ('a0000001-0001-0001-0001-000000000004', '刺身、炭烤、炖汤', NULL),
  ('a0000001-0001-0001-0001-000000000005', '禁止食用', '⚠️ 含鹅膏蕈氨酸和蝇蕈素，可致幻、呕吐、神经系统损伤'),
  ('a0000001-0001-0001-0001-000000000007', '炖汤、炒制', '⚠️ 必须煮熟，不可生食'),
  ('a0000001-0001-0001-0001-000000000008', '煎煮、泡茶、炖汤', NULL),
  ('a0000001-0001-0001-0001-000000000009', '禁止食用', '⚠️ 致命剧毒！含α-鹅膏毒肽，致死率极高，无特效解药');

-- Insert similar species warnings
INSERT INTO similar_species (species_id, similar_species_id, warning) VALUES
  ('a0000001-0001-0001-0001-000000000005', 'a0000001-0001-0001-0001-000000000009', '剧毒'),
  ('a0000001-0001-0001-0001-000000000009', 'a0000001-0001-0001-0001-000000000003', '极易混淆，需专业鉴定');